path,manual_transcript,keyword,source,predict
/home/v2129375/dataset/catslu_test/data/video/audios/1fc0b11c60a4362dbb3acf6e5cf6b15e_59aa69383327930c4100011f.wav,我要看乐高未来骑士团,乐高未来骑士团,video,video
/home/v2129375/dataset/catslu_traindev/data/video/audios/d44a2b5a9cf9ca16ab962b264b3b85aa_54a51a1f332793157e00001b.wav,请播放我的前半生第五集,我的前半生,video,video
/home/v2129375/dataset/catslu_test/data/video/audios/c1b5cccb70f510cb7ed7430c60e7dc70_59b7b176332793091500000d.wav,我想看葫芦兄弟,葫芦兄弟,video,video
/home/v2129375/dataset/catslu_test/data/video/audios/0aac7c75a2f607dd21e3d46e686d114a_59bf2de433279307a80000b0.wav,有没有纸牌屋第三季,纸牌屋,video,video
/home/v2129375/dataset/catslu_test/data/video/audios/6b0a78bb1efd36c87abf4e87c34747a0_59b124b43327930c43000038.wav,小乐播放小白兔,小白兔,video,video
/home/v2129375/dataset/catslu_test/data/video/audios/f7685946c17a88aad81b480201152525_59cdeb213327930292000173.wav,红日,红日,video,video
/home/v2129375/dataset/catslu_test/data/video/audios/1cd0cd6a0dfbce1fc79b1278ce206359_59ae49673327930c3c000073.wav,我要看海绵宝宝,海绵宝宝,video,video
/home/v2129375/dataset/catslu_test/data/video/audios/04e633a2b571a214974fa4adba126339_59c89bf53327930c46000010.wav,我想看小跳蛙,小跳蛙,video,video
/home/v2129375/dataset/catslu_test/data/video/audios/bb79fd5be898e62008183c38859e24a5_59b11e12332793091c000003.wav,小公主苏菲亚第五集,小公主苏菲亚,video,video
/home/v2129375/dataset/catslu_test/data/video/audios/b4651f8b0e677e0c2d6c0f2df28fc8aa_59ba1c753327930c4b0005a3.wav,聪明的一休第十集,聪明的一休,video,video
/home/v2129375/dataset/catslu_test/data/video/audios/df0ccdc9c5b6e94500c9b6d26dc52e57_59c3c27733279311af000033.wav,我要看东京很热,东京很热,video,video
/home/v2129375/dataset/catslu_test/data/video/audios/808ac8e239311ff460f97bd5592aa107_59cb931b8827ad007500000e.wav,小猪佩奇,小猪佩奇,video,video
/home/v2129375/dataset/catslu_test/data/video/audios/df86737f7c663e7107f3324a21707928_59aa77078827ad0075000060.wav,给我放一个灰姑娘第三季,灰姑娘,video,video
/home/v2129375/dataset/catslu_test/data/video/audios/e7189387967653feb6c386353c8fdcdc_59cb8ddf3327930c4d000026.wav,小猪佩奇动画片,小猪佩奇,video,video
/home/v2129375/dataset/catslu_test/data/video/audios/464bf7700f09fc535c63f72924959b31_59b62ba93327930938000031.wav,打开斗地主,斗地主,video,video
/home/v2129375/dataset/catslu_traindev/data/video/audios/c356ccbd469007fa8e2221bb0eb6d525_59b273473327930c50000006.wav,我想看小龙人,小龙人,video,video
/home/v2129375/dataset/catslu_test/data/video/audios/5a6c0b4cc7efd8fc4ab79e88125fd3ad_59c7261a3327930925000013.wav,请播放功夫之王,功夫之王,video,video
/home/v2129375/dataset/catslu_test/data/video/audios/060f081e2052ae6b2f42b8f231b4a7a8_59c262d33327930c3400002a.wav,我要看米奇妙妙屋,米奇妙妙屋,video,video
/home/v2129375/dataset/catslu_test/data/video/audios/9889b2742d229aebdfc7357bf3f56160_59c64cad3327930c39000094.wav,小猪佩奇,小猪佩奇,video,video
/home/v2129375/dataset/catslu_test/data/video/audios/422b1a942d1f25d43a3ab1ef1ab3a0b3_59ae27e63327930db7000011.wav,我想看人民的名义第八集,人民的名义,video,video
/home/v2129375/dataset/catslu_test/data/video/audios/f107fb5e118f853debba538f5a62d7d8_59b677778b6879003700004f.wav,十万个为什么,十万个为什么,video,video
/home/v2129375/dataset/catslu_test/data/video/audios/843ef3198d65739a146bccb8bf6f11d8_59bb7693332793154f000039.wav,我想看花千骨,花千骨,video,video
/home/v2129375/dataset/catslu_test/data/video/audios/dcd5f1025786164be84ee801f690d2ad_59c73396332793091b00000f.wav,泰罗奥特曼,泰罗奥特曼,video,video
/home/v2129375/dataset/catslu_test/data/video/audios/1ba1752e8bf68f43277a1edabab4f62c_59b0c5423327930c99000064.wav,小猪佩奇,小猪佩奇,video,video
/home/v2129375/dataset/catslu_traindev/data/video/audios/257a63a18e00c8f320251a3749da28b6_59c8b2693327930c43000065.wav,播放兔小贝儿歌第十集,兔小贝儿歌,video,video
/home/v2129375/dataset/catslu_test/data/video/audios/98afad825faa1aa428af2351d5374a12_59aa0f25332793092300001f.wav,红楼梦,红楼梦,video,video
/home/v2129375/dataset/catslu_test/data/video/audios/f5e6d7077e5d7ed19d3e07cc3fcaddbf_59c474803327930c5d000067.wav,我要播放汪汪队,汪汪队,video,video
/home/v2129375/dataset/catslu_test/data/video/audios/4403444eb9692139286f2defd41c4356_59b1364e3327930c5c000071.wav,我想看小猪佩奇,小猪佩奇,video,video
/home/v2129375/dataset/catslu_test/data/video/audios/ad47374995315de5bd4b593e9aea5c2e_59b92c483327930c4a000102.wav,我想看熊出没,熊出没,video,video
/home/v2129375/dataset/catslu_test/data/video/audios/4784d1304d00bff6d7b34f76693c13bc_59b66db333279302590000cb.wav,播放小星星,小星星,video,video
/home/v2129375/dataset/catslu_test/data/video/audios/05fbbd023f88a2481418ae5568f26111_59a92a0a3327930c36000015.wav,你想看哪一个非凡公主,非凡公主,video,video
/home/v2129375/dataset/catslu_test/data/video/audios/da7c0c2aa8f41b325d7e85878e802be1_59b0d7173327930ccb00003a.wav,播放三生三世十里桃花第六集,三生三世十里桃花,video,video
/home/v2129375/dataset/catslu_test/data/video/audios/41556d75eb1f30829c3c70f3513b5f43_59ca00db3327930c27000011.wav,放小龙人,小龙人,video,video
/home/v2129375/dataset/catslu_test/data/video/audios/8da65012afb1101cae74263f39686333_59a91e9b3327930c68000191.wav,我想看楚乔传,楚乔传,video,video
/home/v2129375/dataset/catslu_test/data/video/audios/8a3fc8d7f524bfbe42149adb55d71fe2_59bf1ef53327930c6800005b.wav,加勒比海盗五,加勒比海盗五,video,video
/home/v2129375/dataset/catslu_test/data/video/audios/7f1a4934a67226a17e4442085b7ae4cf_59c0e1193327930c3f000035.wav,请看一下小猪佩奇的动画片我想看我想看小猪佩奇的可以了,小猪佩奇,video,video
/home/v2129375/dataset/catslu_test/data/video/audios/de2416e3a8edefbf94cec3f013a28f7e_59b23cf8332793105000000d.wav,我想看大秦帝国,大秦帝国,video,video
/home/v2129375/dataset/catslu_test/data/video/audios/36d677c480e3ad8736d335cc7bcbeae1_59cf66c2332793091d00000b.wav,我的前半生第十三集,我的前半生,video,video
/home/v2129375/dataset/catslu_test/data/video/audios/5e3ad8a913a631384125afcf4cbd9670_59cce58a8b68790037000007.wav,宝宝生活好习惯,宝宝生活好习惯,video,video
/home/v2129375/dataset/catslu_test/data/video/audios/e49fe4b8cc873d33f0afb0b8e184f594_59c054b33327930c5c000023.wav,兔小贝儿歌第四集,兔小贝儿歌,video,video
/home/v2129375/dataset/catslu_test/data/video/audios/f32a2318bdcb0fd744d9c86eaec0a329_59bf3b043327930c4d0000fb.wav,小乐放个黑猫警长,黑猫警长,video,video
/home/v2129375/dataset/catslu_test/data/video/audios/565d5c891412f456447e16df5e51eb35_59c8f2e33327930c30000026.wav,猪小妹,猪小妹,video,video
/home/v2129375/dataset/catslu_test/data/video/audios/7e246bc0a23e479b960dfe750ef566b4_59bf6c383327931308000008.wav,播放人民的名义第三集,人民的名义,video,video
/home/v2129375/dataset/catslu_test/data/video/audios/057147b06c20fa02c223c684b6b85458_59bf47983327930c2700001b.wav,我们想看数鸭歌,数鸭歌,video,video
/home/v2129375/dataset/catslu_test/data/video/audios/b8499d97f7f7eee6ccc2dcf8aed841e9_59b09e313327930c45000014.wav,小乐你好我要看动画片猫和老鼠,猫和老鼠,video,video
/home/v2129375/dataset/catslu_test/data/video/audios/edfbf145e293d1c064258b3d40665eda_59bd36ef3327930c42000014.wav,我想看汪汪队,汪汪队,video,video
/home/v2129375/dataset/catslu_test/data/video/audios/919fe489e621885c821b56e8900e5e9e_59ae4f2333279308da000013.wav,播放三生三世十里桃花第五集,三生三世十里桃花,video,video
/home/v2129375/dataset/catslu_traindev/data/video/audios/2694380cb306595653a8af396140b194_59cdc3d13327930912000007.wav,播放人民的名义第五集,人民的名义,video,video
/home/v2129375/dataset/catslu_test/data/video/audios/9f7887c21cebb248b5b103d36fbba68c_59c1ab383327930c3200005d.wav,播放粉红猪小妹,粉红猪小妹,video,video
/home/v2129375/dataset/catslu_traindev/data/video/audios/7ad0c6d6912f52c70e5399815f1bfa33_59c06cd03327930c4700000b.wav,我要看粉红猪小妹,粉红猪小妹,video,video
/home/v2129375/dataset/catslu_test/data/video/audios/c312b298986df6e3e316430f1d417d50_59c3c73a3327930e010005ca.wav,我要看猫和老鼠动画片,猫和老鼠,video,video
/home/v2129375/dataset/catslu_test/data/video/audios/22fe0c5c7ab3fd7d29735a44a22cf059_59c5c82d3327930c3c00001f.wav,小乐播放数鸭子,数鸭子,video,video
/home/v2129375/dataset/catslu_test/data/video/audios/5291d6db123da6b7415557151d035a60_59a9306c3327930c4000000d.wav,播放粉红猪小妹,粉红猪小妹,video,video
/home/v2129375/dataset/catslu_traindev/data/video/audios/978505c10622fc1b33979eeb87d6fa79_59bb98593327930916000005.wav,我要看战狼,战狼,video,video
/home/v2129375/dataset/catslu_traindev/data/video/audios/b5dc9c748ac5b43344f9c0210b5de984_59abc1803327930296000014.wav,播放艾利之书,艾利之书,video,video
/home/v2129375/dataset/catslu_test/data/video/audios/43bf41f5cd8a0a2fe43beb60b372623d_59b7726a3327930c4900000d.wav,我要看千与千寻,千与千寻,video,video
/home/v2129375/dataset/catslu_test/data/video/audios/a1849fc9480453e1fbf453ee072be83a_59c4e5093327930c43000009.wav,我们想看开心儿歌数鸭子,开心儿歌数鸭子,video,video
/home/v2129375/dataset/catslu_traindev/data/video/audios/2d13e6866479e87dc8fce225a590c2fb_59b0d9e63327930c2a000011.wav,小乐播放宝宝巴士,宝宝巴士,video,music
/home/v2129375/dataset/catslu_test/data/video/audios/33d032cb675f50b7d44655dee52715eb_59a8cd58332793091f000035.wav,我想看黄梅戏,黄梅戏,video,video
/home/v2129375/dataset/catslu_test/data/video/audios/5eb603bbc0edd4c441f14db4fa7deeca_59c618cd3327930c3100001a.wav,小乐我想看芭比娃娃梦想屋,芭比娃娃梦想屋,video,video
/home/v2129375/dataset/catslu_test/data/video/audios/20dc59c663ec822e6493b61834e0194a_59ccd4353327930c34000018.wav,我要看海绵宝宝动画片中文版,海绵宝宝,video,video
/home/v2129375/dataset/catslu_test/data/video/audios/4311dc79965c0efd634f716a0f46a809_59c486c13327930c44000007.wav,播放兔小贝儿歌第一集,兔小贝儿歌,video,video
/home/v2129375/dataset/catslu_traindev/data/video/audios/366a234a057d46d75a12959947e6cf33_59c674a33327930c9d000003.wav,我想看三生三世十里桃花第八集,三生三世十里桃花,video,video
/home/v2129375/dataset/catslu_test/data/video/audios/5c3203d085ba62505eccd1ee17697d2a_59c250d83327930c5d00000e.wav,我要播放超级飞侠,超级飞侠,video,video
/home/v2129375/dataset/catslu_traindev/data/video/audios/5830e27996aa52a9bd71dbc26727b8f5_59b1e3d23327930c3e000016.wav,海底小纵队,海底小纵队,video,video
/home/v2129375/dataset/catslu_traindev/data/video/audios/1c31a942b83074db38d3bb99a7ca982a_59c4dc45332793092d000005.wav,我想看爱情保卫战,爱情保卫战,video,video
/home/v2129375/dataset/catslu_test/data/video/audios/cc2aca7ef1495f8c2b01af989521983b_59aa968c3327930c45000011.wav,我要看天线宝宝宝宝,天线宝宝宝宝,video,video
/home/v2129375/dataset/catslu_test/data/video/audios/90d8464baf757a3b6e9c155c48353776_59cf8b3a3327930c44000154.wav,播放我会听话,我会听话,video,video
/home/v2129375/dataset/catslu_test/data/video/audios/324c2a88dfad9de8b69307c3f8d25d84_59c4d535627fb70f24003718.wav,我想看后天,后天,video,video
/home/v2129375/dataset/catslu_test/data/video/audios/1fc0b11c60a4362dbb3acf6e5cf6b15e_59aa691a3327930c41000119.wav,播放喜羊羊与灰太狼,喜羊羊与灰太狼,video,video
/home/v2129375/dataset/catslu_test/data/video/audios/465ed13e55ed904a65e8495ed64efd76_59ccc6243327930916000019.wav,请播放阿唐奇遇,阿唐奇遇,video,video
/home/v2129375/dataset/catslu_test/data/video/audios/7ac8061cb0873cfd75c17aac84eb05bf_59abe7323327930c43000060.wav,我想看小马宝莉,小马宝莉,video,video
/home/v2129375/dataset/catslu_test/data/video/audios/a3d3013824aef5172d26df24c0408df9_59c74b7f33279311fb00012c.wav,我想看小猪佩奇,小猪佩奇,video,video
/home/v2129375/dataset/catslu_test/data/video/audios/de9ea36eb23eb79dc5aa8100c20169d5_59c874413327930db9000005.wav,我想看变形金刚,变形金刚,video,video
/home/v2129375/dataset/catslu_test/data/video/audios/7330c615f547a6978d2e6b3fb1e0cd11_59cb112b3327930c4b000097.wav,播放世上只有妈妈好,世上只有妈妈好,video,video
/home/v2129375/dataset/catslu_test/data/video/audios/e52e39f94cba637494314c311184733d_59c238583327930c50000015.wav,嗯我想看你的脸,你的脸,video,video
/home/v2129375/dataset/catslu_test/data/video/audios/f2956884c1d74cc01fabf9f1fb924e72_59c767353327930c4300017e.wav,我要看小猪佩奇,小猪佩奇,video,video
/home/v2129375/dataset/catslu_test/data/video/audios/fab57d4022edfd34df12395aee0b5717_59b61f2a3327930c47000034.wav,放妮妮猫儿歌上学歌,妮妮猫儿歌上学歌,video,music
/home/v2129375/dataset/catslu_test/data/video/audios/8c5bcb53cde431e380cc0d468f5f2f41_59aa93393327930c4400001b.wav,我要看汪汪队立大功,汪汪队立大功,video,video
/home/v2129375/dataset/catslu_test/data/video/audios/bd5ee80efd4be34011fc38f3e28e250b_59c85a973327930c4400006f.wav,放数鸭子,数鸭子,video,video
/home/v2129375/dataset/catslu_test/data/video/audios/0a0eb4caaa5240a30488febdefad2f66_59ad29e93327930257000020.wav,播放汪汪队立大功,汪汪队立大功,video,video
/home/v2129375/dataset/catslu_traindev/data/video/audios/4b871744e79a3896e854c89a9a05be06_59adf7a28b68790037000007.wav,放小白兔都会英语哟快来跟我一起学习英语吧,小白兔,video,video
/home/v2129375/dataset/catslu_test/data/video/audios/82a63eb25418121542feca497331ac68_59c4d1713327930dba000482.wav,播放老虎,老虎,video,video
/home/v2129375/dataset/catslu_test/data/video/audios/84b88f73b7f8aa3391d3de00aabeba7b_59bc678e3327930928000017.wav,播放猩球崛起三,猩球崛起三,video,video
/home/v2129375/dataset/catslu_test/data/video/audios/5a3576f2970f2e766a46be09e02fd6ee_59b08bbf332793091e00005f.wav,请播放毛泽东,毛泽东,video,music
/home/v2129375/dataset/catslu_test/data/video/audios/c9a3f60493c8a10c83337a6069e9894d_59b0b067332793026b000023.wav,世上只有妈妈好,世上只有妈妈好,video,city
/home/v2129375/dataset/catslu_test/data/video/audios/abe105dd3fb84f5b398e7bf4db14f68b_59c3201e3327930c5200000b.wav,我想看小猪佩奇,小猪佩奇,video,video
/home/v2129375/dataset/catslu_test/data/video/audios/e6a72fab9d03fb82c734896f6ff6bcdd_59af421b3327930c49000006.wav,我要看猫和老鼠,猫和老鼠,video,video
/home/v2129375/dataset/catslu_test/data/video/audios/c93d310e4d53d313c95ed489251dc7e6_59bb4e6b3327930c3b000059.wav,播放葫芦娃,葫芦娃,video,video
/home/v2129375/dataset/catslu_test/data/video/audios/e0cdfe8de808bfc584fff42258fc4c5c_59abc7ae332793029600002a.wav,播放艾利之书,艾利之书,video,video
/home/v2129375/dataset/catslu_test/data/video/audios/aff3745b87a9a3697dffe791f1da4779_59b78d8633279308ce00002f.wav,我想看沙家浜,沙家浜,video,video
/home/v2129375/dataset/catslu_test/data/video/audios/aae156139c097e50ed19bb0145442552_59bc76b03327930c46000047.wav,我要看宝宝巴士儿歌,宝宝巴士儿歌,video,video
/home/v2129375/dataset/catslu_test/data/video/audios/e13f939e1606c9d2c2cbf9daf81a8cb3_59c63e993327930c4300001c.wav,小乐播放宝宝巴士,宝宝巴士,video,video
/home/v2129375/dataset/catslu_traindev/data/video/audios/117c45a7e181b650350cecc7d662dcff_59a938bd3327930c1c000017.wav,超级飞侠第二集,超级飞侠,video,video
/home/v2129375/dataset/catslu_traindev/data/video/audios/987dbaac6a4884d5fbf9adb99c2dcad5_59c338d63327930c27000060.wav,小乐我想看海贼王,海贼王,video,video
/home/v2129375/dataset/catslu_test/data/video/audios/f32a2318bdcb0fd744d9c86eaec0a329_59bf3a2b3327930c4d0000ec.wav,放个葫芦娃,葫芦娃,video,video
/home/v2129375/dataset/catslu_test/data/video/audios/881307ceeebedf4732754637282338bc_59c8a3ca3327930c4300004e.wav,播放兔小贝儿歌第三集,兔小贝儿歌,video,video
/home/v2129375/dataset/catslu_test/data/video/audios/0054e4a8142ba8b9eb558de98a339610_59ace96c3327930c3f000027.wav,小乐播放熊出没,熊出没,video,video
/home/v2129375/dataset/catslu_test/data/video/audios/5916c802cebfb9ec81dc9383bbaf3193_59ba25f333279308dd00002f.wav,打开哥斯拉,哥斯拉,video,video
/home/v2129375/dataset/catslu_test/data/video/audios/f1068a2a7f3f89bc164a1fcd69eeb5bb_59b20f5b3327930daa000048.wav,请你播放百变马丁,百变马丁,video,video
/home/v2129375/dataset/catslu_test/data/video/audios/db4ebda8a2b4fec28d8444ff9a4666a2_59bb90af3327930c2e000005.wav,你好我要看猫和老鼠第六集,猫和老鼠,video,video
/home/v2129375/dataset/catslu_traindev/data/video/audios/52bdc2c9e8f8116e101b33ebf9a73c5b_59afa3883327930c3200004c.wav,播放葫芦娃,葫芦娃,video,video
/home/v2129375/dataset/catslu_test/data/video/audios/ceabc35b9bc7b12902cdb26bb7970884_59cbacd83327930c46000015.wav,小飞侠,小飞侠,video,video
/home/v2129375/dataset/catslu_test/data/video/audios/c68a56a85f69e85063b2d2f28800b031_59c76894332793091c000015.wav,我想看人民的名义第六集,人民的名义,video,video
/home/v2129375/dataset/catslu_traindev/data/video/audios/56eda7f371158920504db4714116eb7f_59b73fe03327930c37000008.wav,我要看粉红猪小妹粉红猪小妹粉红猪小妹看看粉红猪小妹,粉红猪小妹,video,video
/home/v2129375/dataset/catslu_test/data/video/audios/0d0fe0336434abaef768e7780e5e1a72_59c0e6903327930c3200005d.wav,放白雪公主,白雪公主,video,video
/home/v2129375/dataset/catslu_test/data/video/audios/261f9447bbcc647a6ace73c64ccf26b4_59ca2c678827ad007c000023.wav,小公主苏菲亚,小公主苏菲亚,video,video
/home/v2129375/dataset/catslu_test/data/video/audios/5d7e6bde51376d6cb2f83b8dfeaa01ec_59c491463327930c32000030.wav,哎我一说它还转过头来了是吧我们想看开心儿歌数鸭子,开心儿歌数鸭子,video,video
/home/v2129375/dataset/catslu_traindev/data/video/audios/e56b3e0239c9bde695588401527e8ecd_59ae64a53327930c440000a9.wav,什么都可以但是你得放动画片给我看,动画片,video,video
/home/v2129375/dataset/catslu_test/data/video/audios/8f2d489bb8f114e87c91f70fc8da338c_59bfad3f3327930c4d00001e.wav,小乐播放超级飞侠,超级飞侠,video,video
/home/v2129375/dataset/catslu_test/data/video/audios/bd826fb4515187f041d78385cced2daa_59c86e7a332793091c000023.wav,帮我播放三生三世十里桃花第五集,三生三世十里桃花,video,video
/home/v2129375/dataset/catslu_test/data/video/audios/164b36baa45cf8dee2cb8ef3ef22b2ec_59a8c8ce90ee6d022400000f.wav,我要看流星雨,流星雨,video,video
/home/v2129375/dataset/catslu_test/data/video/audios/8d305226fe34408b956b11ef39810926_59bf26c73327930c4c00000a.wav,小乐我要看小猪佩奇,小猪佩奇,video,video
/home/v2129375/dataset/catslu_test/data/video/audios/8ac709f90a5c5421697baa575b039e20_59cb8cdd3327930917000011.wav,我要看伪装者,伪装者,video,video
/home/v2129375/dataset/catslu_test/data/video/audios/0f7c0a677c12b29a61a07dd91cddee07_59cde6cd332793026c000011.wav,放小白兔白又白,小白兔白又白,video,video
/home/v2129375/dataset/catslu_test/data/video/audios/b49c833fcc48ca35823fb8e272bf3f85_59b792a8332793094e000027.wav,守卫者浮出水面,守卫者浮出水面,video,video
/home/v2129375/dataset/catslu_traindev/data/video/audios/378b27cc55c444279f96cce899f0727f_59b64b913327930985000003.wav,我想看魔兽,魔兽,video,video
/home/v2129375/dataset/catslu_test/data/video/audios/8d3a2c8e9c96ad34644674b7b370c992_59ba0202332793029f000117.wav,容易受伤的女人,容易受伤的女人,video,video
/home/v2129375/dataset/catslu_test/data/video/audios/90e6f83a3434a8ca370554a09ef144c3_59c9b05433279309bf000003.wav,人民的名义,人民的名义,video,video
/home/v2129375/dataset/catslu_test/data/video/audios/2e0af055172bc73d574168efd78cf1eb_59c1e53c33279312db000002.wav,我想看伦敦对决,伦敦对决,video,video
/home/v2129375/dataset/catslu_traindev/data/video/audios/4cc1d3451629b6e17a9061ce7cbbcfbc_59c2f2aa3327930c3e000017.wav,播放兔小贝儿歌第二集,兔小贝儿歌,video,video
/home/v2129375/dataset/catslu_test/data/video/audios/c4695d41890d52a4e1e6633adde3d1b0_59cde9e93327930c44000011.wav,小乐我要看猫和老鼠,猫和老鼠,video,video
/home/v2129375/dataset/catslu_test/data/video/audios/857414858b5ee1900b0380e2e6992a5a_59c8d3e43327930c2f000015.wav,猫和老鼠,猫和老鼠,video,video
/home/v2129375/dataset/catslu_test/data/video/audios/7edf6b35a52c2d403be467798c7791f5_59b907818b68790038000021.wav,播放天天向上,天天向上,video,video
/home/v2129375/dataset/catslu_test/data/video/audios/94c4f25f4e5836e3b06f62f528b5b5d1_59c907da8827ad0075000005.wav,蒙面唱将猜猜猜第二季,蒙面唱将猜猜猜,video,video
/home/v2129375/dataset/catslu_traindev/data/video/audios/2bb95f2b8306ab75e5e197c12d936543_59cccf0e332793026e000040.wav,钱塘老娘舅,钱塘老娘舅,video,video
/home/v2129375/dataset/catslu_test/data/video/audios/b0fada4122137f6e8b4598392085894f_59b628b93327930c31000051.wav,我要看熊出没,熊出没,video,video
/home/v2129375/dataset/catslu_test/data/video/audios/3eea8038070e8bd59f7dc0168609372f_59cf9eb58827ad00ac00004f.wav,播放超级会飞侠第三季,超级会飞侠,video,video
/home/v2129375/dataset/catslu_test/data/video/audios/2dc4369dfb865839629d296734befd23_59c4afad3327930d9c000111.wav,我想看舌尖上的中国,舌尖上的中国,video,video
/home/v2129375/dataset/catslu_test/data/video/audios/128196245b729fa1ab72d0053d853f9f_59c206753327930c48000064.wav,我要看粉红猪小妹,粉红猪小妹,video,video
/home/v2129375/dataset/catslu_test/data/video/audios/6d15d801cc30c6f78d22e727a57dc647_59acfce33327930943000020.wav,想看沙家浜,沙家浜,video,video
/home/v2129375/dataset/catslu_test/data/video/audios/0d84011f6d16f63085ee6052827db268_59c316da3327930daa00002f.wav,想看葫芦娃,葫芦娃,video,video
/home/v2129375/dataset/catslu_test/data/video/audios/2a1481371d2d6c34d0681a972010e6a8_59be17713327930c4b0007b3.wav,播放聪明的一休第二十二集,聪明的一休,video,video
/home/v2129375/dataset/catslu_test/data/video/audios/f197db8aa0834118bf37164c198d76e3_59abf19f3327930c4b000231.wav,小乐播放小苹果,小苹果,video,video
/home/v2129375/dataset/catslu_traindev/data/video/audios/c949d550f5411753bc087bb749664c47_59b62a373327930c3100006f.wav,我想看粉红猪小妹,粉红猪小妹,video,video
/home/v2129375/dataset/catslu_test/data/video/audios/f9415cdb64ac90b1e1a8dd22e5b96176_59c485b3332793027c00002b.wav,水浒传,水浒传,video,video
/home/v2129375/dataset/catslu_test/data/video/audios/28e9bda9ba795ee08c5e4215a1b00470_59a941bd332793026a000108.wav,给我放一个小二郎,小二郎,video,video
/home/v2129375/dataset/catslu_test/data/video/audios/9729285cfdfc503989feed9eca92550c_59ba309490ee6d021900001b.wav,播放巴塔木,巴塔木,video,video
/home/v2129375/dataset/catslu_test/data/video/audios/920d1fadf935b5be53db354cb79fb36c_59bcc81f3327930c47000012.wav,我要看三个和尚,三个和尚,video,video
/home/v2129375/dataset/catslu_test/data/video/audios/1ed65c40781a4cea973298ebd5fd6c81_59cee1b03327930c7400000a.wav,我们要看海底小纵队,海底小纵队,video,video
/home/v2129375/dataset/catslu_traindev/data/video/audios/9422a83329fb9f685f2bc445eb1e99b5_59b879f93327930c4b00001b.wav,播放刷牙,刷牙,video,video
/home/v2129375/dataset/catslu_test/data/video/audios/1966ba5456b00c79c1e6fa2438f7c790_59c3a07e332793091e000009.wav,我想看战狼,战狼,video,video
/home/v2129375/dataset/catslu_test/data/video/audios/077d844d4c7e8307a808737102511ff0_59cf85823327930c440000f7.wav,播放读书郎,读书郎,video,video
/home/v2129375/dataset/catslu_test/data/video/audios/e3c8aed2d4a103747238d6988be643c6_59ad3a228827ad007c000016.wav,播放第三人称,第三人称,video,video
/home/v2129375/dataset/catslu_test/data/video/audios/28609f11a7d40e5b1b2fca9d0240bd96_59acba823327930c44000007.wav,播放粉红猪小妹,粉红猪小妹,video,video
/home/v2129375/dataset/catslu_test/data/video/audios/baa87b6e64b9230dd82fe2aad87fba12_59c4dac533279308da000015.wav,播放反转人生,反转人生,video,video
/home/v2129375/dataset/catslu_test/data/video/audios/c8ab86eaee3baf99ee09f4bb58fd2901_59c59e6d3327930c46000039.wav,播放兔小贝儿歌第三集,兔小贝儿歌,video,video
/home/v2129375/dataset/catslu_test/data/video/audios/f25138c3ad6b3fab524ec038e1904e8c_59aa4e753327930c32000011.wav,播放小马宝莉,小马宝莉,video,video
/home/v2129375/dataset/catslu_test/data/video/audios/81fe3c23ed4c29ad5fc2cda25da98f7e_59ae47273327930c46000014.wav,播放小星星,小星星,video,video
/home/v2129375/dataset/catslu_test/data/video/audios/c085f5671ee0b062b2afe358268db9c8_59cb46a73327930c460000f5.wav,我要看喜羊羊与灰太狼,喜羊羊与灰太狼,video,video
/home/v2129375/dataset/catslu_test/data/video/audios/d168b9616e104a7477d04ad5fc554f8d_59cf0b403327930917000009.wav,播放刘德华的电影长城国语版,长城,video,video
/home/v2129375/dataset/catslu_test/data/video/audios/5af38f6695d0e9320fa3194bc6847d1f_59bd20913327930c4700008f.wav,我要看超级飞侠,超级飞侠,video,video
/home/v2129375/dataset/catslu_test/data/video/audios/0d5a82b302cebf0d1f340bf709bea032_59ab63523327930c3900008a.wav,小乐小乐我要看神偷奶爸的电影,神偷奶爸,video,video
/home/v2129375/dataset/catslu_traindev/data/video/audios/26958dbcaf6004c941a57cbafde5bba7_59c254803327930c4600001f.wav,你好我们想看数鸭歌,数鸭歌,video,video
/home/v2129375/dataset/catslu_test/data/video/audios/bafd139650ff9083230c252d37cd2ef4_59c257d13327930c33000096.wav,放粉红猪小妹第二十二集,粉红猪小妹,video,video
/home/v2129375/dataset/catslu_test/data/video/audios/16129611ddcbf4fae591dd90d7adfd23_59b23c3f3327931050000009.wav,请播放醉玲珑第五集,醉玲珑,video,video
/home/v2129375/dataset/catslu_test/data/video/audios/7b49566a2f9487593a10cf86bb40c466_59c0ad073327930c4900000f.wav,播放巧虎来啦,巧虎来啦,video,video
/home/v2129375/dataset/catslu_traindev/data/music/audios/0a9f0882bff174170693bb02781c146f_59b341b78827ad00ac00004e.wav,播一首张学友的一生中最爱,张学友,music,music
/home/v2129375/dataset/catslu_traindev/data/music/audios/c173778d89ea65f43d7e963df391b4bf_59b086a68827ad007c000060.wav,播放邓紫棋的歌,邓紫棋,music,music
/home/v2129375/dataset/catslu_test/data/music/audios/9043f71f025addca56b4e0128ef538e7_59ab75283327930267000041.wav,韩红天路,韩红,music,video
/home/v2129375/dataset/catslu_traindev/data/music/audios/ffce019d716fe08b89a44328e714220b_59ccfa2f8827ad0075000002.wav,来一首鹿晗的原动力,鹿晗,music,music
/home/v2129375/dataset/catslu_traindev/data/music/audios/ce4aafbf09607157950fb82c1890a4f2_59b8d806332793026c00015a.wav,听刘德华,刘德华,music,music
/home/v2129375/dataset/catslu_traindev/data/music/audios/b2157f040f4bd8cec82959714fa237f1_59bd46678827ad00a5000279.wav,请放一首张明敏的我的中国心,张明敏,music,music
/home/v2129375/dataset/catslu_test/data/music/audios/3c9e86d4bb6cec20e35c2247254f8064_59c665898827ad0080000020.wav,请放薛之谦演员,薛之谦,music,music
/home/v2129375/dataset/catslu_traindev/data/music/audios/4a8b671b1d7a5b6bb0e8205dd00e0c1a_59b0991a332793026b000127.wav,我想听韩红的青藏高原,韩红,music,music
/home/v2129375/dataset/catslu_test/data/music/audios/b85314f6140ab0bd5a1f1b33969bd564_59cf911b8827ad007c000076.wav,播放韩红的青藏高原,韩红,music,music
/home/v2129375/dataset/catslu_test/data/music/audios/be4335ff9994f823ddb480f3b7e92e45_59b9250590ee6d0219000023.wav,唱一首郑秀文的眉飞色舞,郑秀文,music,music
/home/v2129375/dataset/catslu_traindev/data/music/audios/f3142a411ec07d32ff3e4da864966ee9_59bf82ab3327930dba000155.wav,唱小蓓蕾儿儿歌,小蓓蕾,music,music
/home/v2129375/dataset/catslu_traindev/data/music/audios/25f2abee16ea9307fc276e9539b9879c_59c1e4ce3327935e0a00002c.wav,给我点一首张学友的吻别,张学友,music,music
/home/v2129375/dataset/catslu_test/data/music/audios/fb385234bb79593174d06551a7312a90_59bef7443327930257000010.wav,点首歌爱我你就抱抱我林妙可的,林妙可,music,music
/home/v2129375/dataset/catslu_traindev/data/music/audios/32b9261dc5883b11a03ab751627d5858_58a5366358a5366358a53663.wav,小虎队吻别,小虎队,music,video
/home/v2129375/dataset/catslu_traindev/data/music/audios/3b55bb98816d84cb5b3bcee066ba96b9_59cf2e073327930297000006.wav,播放陈奕迅的十年,陈奕迅,music,music
/home/v2129375/dataset/catslu_traindev/data/music/audios/b83c69a672e999e4d04a0a723070ee04_59b288c53327930298000067.wav,放一首唐古的歌,唐古,music,music
/home/v2129375/dataset/catslu_traindev/data/music/audios/7773b52c0681845cba426bbb59c600d3_59bf5e083327930c8400004f.wav,我想听张学友的歌,张学友,music,music
/home/v2129375/dataset/catslu_traindev/data/music/audios/e6a9dd2584ce3ca110d4f6dff63992ed_59b238698b68790039000007.wav,播放邓紫棋的有心人,邓紫棋,music,music
/home/v2129375/dataset/catslu_traindev/data/music/audios/e546139cbe59055eb98b7c2234685417_59c111218827ad007c000011.wav,一首邓紫棋的有心人,邓紫棋,music,music
/home/v2129375/dataset/catslu_test/data/music/audios/9882453be4bfe2359f3ba6363ea0bf54_59b7d4d28827ad006c00000c.wav,呃放一首周杰伦的告白气球,周杰伦,music,music
/home/v2129375/dataset/catslu_traindev/data/music/audios/a4907c0f2a9af23927a4d7bb80f35a9a_59bbd0c78827ad00ac0001be.wav,梦然唱的没有你陪伴真的好孤单,梦然,music,music
/home/v2129375/dataset/catslu_traindev/data/music/audios/550cf941c22a7952e6bb8d524bd58f9b_59c79c183327930258000099.wav,播放一首小苹果筷子兄弟,筷子兄弟,music,music
/home/v2129375/dataset/catslu_traindev/data/music/audios/4adfe5c8d543fadfefe607a62c066ecd_59c89b873327931d2500001a.wav,嗯放一首周杰伦的歌吧,周杰伦,music,music
/home/v2129375/dataset/catslu_test/data/music/audios/dd2b47f6686ee516ac423b13cd82226e_59ba6e3a332793025d000067.wav,我想听少女时代的歌,少女时代,music,music
/home/v2129375/dataset/catslu_test/data/music/audios/8f8eabe23d462d489bb287117c7074f9_59cf8c5933279302ae000008.wav,张雨生的大海,张雨生,music,music
/home/v2129375/dataset/catslu_test/data/music/audios/0781d5ba34953748e92476e10b0d0e8d_59ae66b2332793029b000093.wav,王菲的执迷不悔国语,王菲,music,music
/home/v2129375/dataset/catslu_traindev/data/music/audios/32b9261dc5883b11a03ab751627d5858_27b09c6d27b09c6d27b09c6d.wav,张学友的歌,张学友,music,music
/home/v2129375/dataset/catslu_traindev/data/music/audios/9946be1ba4d3bbe376a38beb9f9f6819_59afa2163327933c34000018.wav,播放一首薛之谦的歌,薛之谦,music,music
/home/v2129375/dataset/catslu_traindev/data/music/audios/359ecd03845c99b0804e33f1eace53d2_59ab614733279302580000dd.wav,云菲菲的都市情缘,云菲菲,music,music
/home/v2129375/dataset/catslu_test/data/music/audios/21b06eaa10f6a25f88ddc71cf547787d_59b143528827ad007c00002e.wav,来一首周杰伦的简单爱,周杰伦,music,music
/home/v2129375/dataset/catslu_traindev/data/music/audios/098a80bb0dd33ecd23005c0b04f34255_59aba79c8827ad007500000e.wav,听张杰唱的剑心,张杰,music,music
/home/v2129375/dataset/catslu_test/data/music/audios/10ac64f2157b533be27abdd1e4aafa4e_0000023e8b6879003300000c.wav,祁隆的歌爰的世界只有你,祁隆,music,music
/home/v2129375/dataset/catslu_traindev/data/music/audios/152e8aabc1b5366210f4fb7e0dd7c724_59cdff923327930299000006.wav,播放周杰伦的歌曲,周杰伦,music,music
/home/v2129375/dataset/catslu_traindev/data/music/audios/3f01d646e2eb19bb00b3762c08653bb1_59ba6bf83327930266000025.wav,高迪,高迪,music,video
/home/v2129375/dataset/catslu_test/data/music/audios/9a0fdd5a300384d6814ea978fdc81b55_59c626143327930262000033.wav,唱一首刘芳的醉清风,刘芳,music,music
/home/v2129375/dataset/catslu_traindev/data/music/audios/08c5f3f712f6b096648b4cfd0f596cdb_59bb2a2e8b68790039000006.wav,听邓紫棋的歌,邓紫棋,music,music
/home/v2129375/dataset/catslu_traindev/data/music/audios/edcc1b7919f56fec01c5dd42630662a1_59ab52ad8827ad00a50001a0.wav,播放好妹妹乐队歌曲,好妹妹乐队,music,music
/home/v2129375/dataset/catslu_traindev/data/music/audios/1f9c807db95d0de059f117382b2d07b7_59a9430a3327930c33000016.wav,唱一首赵雷的成都,赵雷,music,music
/home/v2129375/dataset/catslu_traindev/data/music/audios/359ecd03845c99b0804e33f1eace53d2_59ab60f433279302580000be.wav,张宇的一言难尽,张宇,music,music
/home/v2129375/dataset/catslu_traindev/data/music/audios/1e634d2cff7d6d43db1d9cb216157065_59ac9f5a33279302a800000a.wav,崔健的歌,崔健,music,music
/home/v2129375/dataset/catslu_test/data/music/audios/4a43fef8065b5da6276730e3c8507279_59c46d2390ee6d0227000184.wav,唱刘德华的歌,刘德华,music,music
/home/v2129375/dataset/catslu_test/data/music/audios/767b9efaa8ae304a116a549e5d292a5b_59ca160d3327930259000057.wav,唱一首杨坤的无所谓,杨坤,music,music
/home/v2129375/dataset/catslu_traindev/data/music/audios/62c7f2461ff9ad85afe17b7c4cf06951_59bc8c6a8827ad007500000e.wav,张杰唱的剑心,张杰,music,music
/home/v2129375/dataset/catslu_traindev/data/music/audios/bcf9f067a299bf7e14fd975f15aa9286_59c8c40233279302a2000026.wav,周杰伦的菊花台,周杰伦,music,music
/home/v2129375/dataset/catslu_traindev/data/music/audios/13297cdc20b9368375eb45ae8c0a1109_59a909ac33279302bb00001f.wav,播放王力宏的歌,王力宏,music,music
/home/v2129375/dataset/catslu_traindev/data/music/audios/a71d5ae024b659898d5b2a32908451fc_59ce41c43327930c3100000a.wav,播放宝宝巴士,宝宝巴士,music,video
/home/v2129375/dataset/catslu_traindev/data/music/audios/e13f939e1606c9d2c2cbf9daf81a8cb3_59c63e993327930c4300001c.wav,小乐播放宝宝巴士,宝宝巴士,music,video
/home/v2129375/dataset/catslu_traindev/data/music/audios/6b35ce862e76450ef72556b308380142_59cefd7a33279302690000d7.wav,樊竹青的歌曲,樊竹青,music,music
/home/v2129375/dataset/catslu_test/data/music/audios/ccef78990ac6ab6f957304f538759843_59cca1d78827ad008400007d.wav,播放周杰伦的双截棍,周杰伦,music,music
/home/v2129375/dataset/catslu_traindev/data/music/audios/0d8a7dfaa2abb351bb629b9bd5b17d69_59afde81332793025b00001a.wav,唱凤凰传奇的歌,凤凰传奇,music,music
/home/v2129375/dataset/catslu_traindev/data/music/audios/d771fa1ffca87fdcf29e86f7185576d5_59b63dd190ee6d022400001e.wav,我要听蔡依林的歌,蔡依林,music,music
/home/v2129375/dataset/catslu_traindev/data/music/audios/8358f1c08f2cbe0e261b0cbc0181d2b3_59c5afc6332793026800006c.wav,唱一首王蓉的小鸡小鸡,王蓉,music,music
/home/v2129375/dataset/catslu_traindev/data/music/audios/6f351cda2faf2234f63aa99acb3ab970_59afac79332793029400003d.wav,邓丽君的甜蜜蜜,邓丽君,music,music
/home/v2129375/dataset/catslu_traindev/data/music/audios/925d71ebc9973ffcdc9260eb1445d8ca_59c510788827ad0559000016.wav,潘玮柏的,潘玮柏,music,music
/home/v2129375/dataset/catslu_traindev/data/music/audios/4e8a34193a3c489bb4f67d4504575c2f_59c87f7733279302a3000005.wav,吴奇隆烟火,吴奇隆,music,music
/home/v2129375/dataset/catslu_test/data/music/audios/8a2850b40054aa18ba969631f7b0bd4b_59bc9f9f332793025c000009.wav,唱一首筷子兄弟的小苹果,筷子兄弟,music,music
/home/v2129375/dataset/catslu_test/data/music/audios/87e6469dcb405e61ed3e2ab47087a1f9_59cdbfb38827ad007c0000bb.wav,请播放邓超的超级英雄音乐,邓超,music,music
/home/v2129375/dataset/catslu_traindev/data/music/audios/168ea927b8c75f9a9d65e7c716708b39_59c0c3638b6879003900001f.wav,想听张学友的情网,张学友,music,music
/home/v2129375/dataset/catslu_traindev/data/music/audios/e268af5c3fd4da5a29de0f6ce3a90563_59afe6af33279302a9000021.wav,播放筷子兄弟的父亲,筷子兄弟,music,music
/home/v2129375/dataset/catslu_traindev/data/music/audios/e7d213d0acc5af937eca7dd0239d4a8a_59be59798827ad007c00006b.wav,播放邓丽君的歌,邓丽君,music,music
/home/v2129375/dataset/catslu_traindev/data/music/audios/f06c1650cdb7c846e6b4b4090edbbbbf_59bc825a90ee6d0224000004.wav,播放一首蔡健雅的歌,蔡健雅,music,music
/home/v2129375/dataset/catslu_traindev/data/music/audios/a61e0f19d635688de899b070aa312b77_59cfb37490ee6d021900000b.wav,阿兰三生石三生路,阿兰,music,music
/home/v2129375/dataset/catslu_traindev/data/music/audios/801b1fa6a4810cbf0e814d0c48c363cc_59b252e633279302a6000030.wav,播放小可音乐,小可,music,music
/home/v2129375/dataset/catslu_traindev/data/music/audios/ad20ee28814a625f33dfb162f0e155e0_59b75c75332793029a000085.wav,汪峰甘心情愿,汪峰,music,music
/home/v2129375/dataset/catslu_test/data/music/audios/6abd7b645cc5074b66f89c00d00a9d5b_59aa6cce332793026f000161.wav,来一首周杰伦的给给我一首歌的时间,周杰伦,music,music
/home/v2129375/dataset/catslu_traindev/data/music/audios/359ecd03845c99b0804e33f1eace53d2_59ab610933279302580000c9.wav,张宇的一言难尽,张宇,music,music
/home/v2129375/dataset/catslu_traindev/data/music/audios/1f4f4463827a200ebe7d90d8f1a86c07_59a926ed8b68790031000047.wav,我想听周杰伦的夜的第七章,周杰伦,music,music
/home/v2129375/dataset/catslu_traindev/data/music/audios/d6f8e33958cbc10cfd379cce8c2da61e_59c660ca8827ad007c00000c.wav,我想听周杰伦的歌,周杰伦,music,music
/home/v2129375/dataset/catslu_traindev/data/music/audios/7dd4590ec36dc731d66cbe7e5ffe76e6_000001bb8b68790033000007.wav,我要听鹿晗的勋章,鹿晗,music,music
/home/v2129375/dataset/catslu_test/data/music/audios/6b33cf576c29fbe75bec1d5cfd667c08_59bf8b4b3327930297000030.wav,播放一首汪峰的光明,汪峰,music,music
/home/v2129375/dataset/catslu_traindev/data/music/audios/2b9fc539ede44f941c1216dfc1231a69_59bb8b4f8827ad007c000032.wav,放一首孙露的漂洋过海来看你,孙露,music,music
/home/v2129375/dataset/catslu_test/data/music/audios/c79525569852780e0316e5ef429773db_59c269878827ad007c000002.wav,田馥甄的小幸运,田馥甄,music,music
/home/v2129375/dataset/catslu_traindev/data/music/audios/d872112170d8ca7d116eebc6a7d1cd85_59ae6fc6332793029e00000c.wav,邓紫棋的喜欢你,邓紫棋,music,music
/home/v2129375/dataset/catslu_traindev/data/music/audios/32d465c7e2f7fb3a31d8a1aebd10833a_59c9ff858b6879003900001e.wav,周杰伦的听妈妈的话,周杰伦,music,music
/home/v2129375/dataset/catslu_traindev/data/music/audios/32b9261dc5883b11a03ab751627d5858_417b0235417b0235417b0235.wav,点一首刘德华的歌,刘德华,music,music
/home/v2129375/dataset/catslu_traindev/data/music/audios/f6d78a9019b2dbd7f5ff8adb5e3f6d54_59c34c20332793026c000027.wav,筷子兄弟的小苹果筷子兄弟的小苹果你放错啦,筷子兄弟,music,music
/home/v2129375/dataset/catslu_traindev/data/music/audios/9ff650ea1de9e4285979dd35a1913ebe_59bb2b1c8b6879003900000b.wav,我想听邓紫棋的歌,邓紫棋,music,music
/home/v2129375/dataset/catslu_traindev/data/music/audios/8911fff5c2c199afe860f7adc3bb5961_59c3a46d332793029800000c.wav,张学友咖啡,张学友,music,music
/home/v2129375/dataset/catslu_traindev/data/music/audios/36fcefb6bb993ce0081a7b5003b98dd7_000004088b68790034000026.wav,听张杰的逆战,张杰,music,music
/home/v2129375/dataset/catslu_test/data/music/audios/421cf66afb52029ac8c5fd28a7682e1a_59ae69d38827ad007c0000b2.wav,我想听谭维维的歌,谭维维,music,music
/home/v2129375/dataset/catslu_traindev/data/music/audios/0462ecebb67286ac4c20dfcf3ceac4a6_59cf5f45332793025400002c.wav,小苹果筷子兄弟,筷子兄弟,music,video
/home/v2129375/dataset/catslu_test/data/music/audios/056db4b196a5a93b5cc3bf88c8fe0116_59cad1858827ad007d00001b.wav,薛之谦绅士,薛之谦,music,music
/home/v2129375/dataset/catslu_traindev/data/music/audios/185cb509724a660498021e7c9d362b21_59cc46be33279302a400014c.wav,张信哲的流着泪的你的脸,张信哲,music,music
/home/v2129375/dataset/catslu_traindev/data/music/audios/b23ccc6fb0f64ebe9dcc2516dfec8792_59cb3b4b332793026d00004f.wav,黄蓉小鸡小鸡,黄蓉,music,music
/home/v2129375/dataset/catslu_traindev/data/music/audios/a938a482a0e8d8c9fcd3cc431dee899c_59ae1ae1332793025a000064.wav,唱一首筷子兄弟小苹果,筷子兄弟,music,music
/home/v2129375/dataset/catslu_traindev/data/music/audios/81a75e713920185674730f5f71524d1a_59afe7ac8827ad006e00000a.wav,汪峰美丽世界的孤儿,汪峰,music,music
/home/v2129375/dataset/catslu_test/data/music/audios/a52e39ff7e7e822ba10b7d085a85bc9f_59bf93f08827ad00a5000028.wav,放一首薛之谦的暧昧,薛之谦,music,music
/home/v2129375/dataset/catslu_traindev/data/music/audios/e5def656061ce0d6e3a7064dd6f05856_59ce33188827ad00a50000fd.wav,放一首周杰伦的稻花香嗯稻香没有花,周杰伦,music,music
/home/v2129375/dataset/catslu_traindev/data/music/audios/87ea99a5d2246cafce7a0d8b6992483c_000004398b6879003300004c.wav,汪苏泷那个男孩,汪苏泷,music,video
/home/v2129375/dataset/catslu_traindev/data/music/audios/700bc5b23c587cfcf4873f899eedefab_59be0a923327930267000087.wav,来一首王绎龙的摇摆哥,王绎龙,music,music
/home/v2129375/dataset/catslu_traindev/data/music/audios/03b1df4568882c71c5efbbe410ed3c88_59b7ac933327930269000156.wav,我想听张雨行的小鸡小鸡,张雨行,music,music
/home/v2129375/dataset/catslu_traindev/data/music/audios/885b3dd2753b2617377f6c6f9b8dd42d_59bbee138827ad00a500001b.wav,给我来一首王力宏的歌,王力宏,music,music
/home/v2129375/dataset/catslu_traindev/data/music/audios/5cd26172c7e7cac52d439f25fceea1f3_59acf2a28b68790030000010.wav,唱一首伍佰的歌,伍佰,music,music
/home/v2129375/dataset/catslu_test/data/music/audios/66c5453f8fc391c396985f2268aaae53_59abb3d133279303f5000048.wav,你可以帮我唱一首陈奕迅的十年吗,陈奕迅,music,music
/home/v2129375/dataset/catslu_traindev/data/music/audios/fe115c4c9947ea8027f297a84905a8d9_59ad67e68827ad00a500002c.wav,来一首薛之谦的你还要我怎样,薛之谦,music,music
/home/v2129375/dataset/catslu_traindev/data/music/audios/d46b591ea1396f6f8a08173f92596ab5_59cc98f53327930258000052.wav,林妙可的爱我你就抱抱我,林妙可,music,music
/home/v2129375/dataset/catslu_traindev/data/music/audios/f83e7d0469449e3680c44fbc3fbe8b3a_59cf008e33279302a300004e.wav,放一首王菲的传奇,王菲,music,music
/home/v2129375/dataset/catslu_test/data/music/audios/82771a07381a9c776ff409c5091cada3_59ac0cf28827ad007c000008.wav,帮我拨薛之谦的演员,薛之谦,music,music
/home/v2129375/dataset/catslu_test/data/music/audios/4329b5ac0be96f3f2badbe9d8ed7fb62_59aad6588827ad007500001c.wav,播放那英征服,那英,music,video
/home/v2129375/dataset/catslu_traindev/data/music/audios/95241270c849985f4490328d5ef4c19c_59bf257033279302a60000a5.wav,舒伯特摇篮曲,舒伯特,music,music
/home/v2129375/dataset/catslu_traindev/data/music/audios/ca14337e5ea818409c99f70bef50a17d_59b93d9b8827ad00a50000c8.wav,周杰伦以父之名,周杰伦,music,music
/home/v2129375/dataset/catslu_test/data/weather/audios/83bc52fd19246a82a38693e33cac5480_59b0d5d590ee6d0219000012.wav,深圳的天气怎么样,深圳,city,city
/home/v2129375/dataset/catslu_test/data/weather/audios/c4aaf0304060d9e23afb593058a0a705_59c6f6838827ad007c00001b.wav,今天郑州天气怎么样,郑州,city,city
/home/v2129375/dataset/catslu_test/data/weather/audios/f3dbdab7b09414b3a115dafa71d5f8c0_59af9f353327930c450000b2.wav,说一下今天上海的天气,上海,city,city
/home/v2129375/dataset/catslu_test/data/weather/audios/7b8ad1700ef19ed9dbdac813de44a662_59bf55c93327930db1000153.wav,福州今天天气怎么样啊,福州,city,city
/home/v2129375/dataset/catslu_test/data/weather/audios/cf25f154cbbc4da6f25a7345e70b2a5c_59af81e73327930c4a0000dd.wav,我要去三亚旅游你告诉我最近一周三亚的天气适不适合旅游,三亚,city,city
/home/v2129375/dataset/catslu_test/data/weather/audios/9f60006a531db5b9ad571ed1522ef029_59c1f3e83327931491000085.wav,今天上海天气,上海,city,city
/home/v2129375/dataset/catslu_traindev/data/weather/audios/7b808b03be2fdcbb2b5bb2f3c944b4e4_59bddd3933279305ad000037.wav,今天北京什么天气,北京,city,city
/home/v2129375/dataset/catslu_test/data/weather/audios/d7352b5d740bbb8aa844e433e5f7b53f_59cb6c923327930c56000015.wav,小乐明天杭州天气怎么样,杭州,city,city
/home/v2129375/dataset/catslu_test/data/weather/audios/e949a376b895f5707cd9bfdefef51cae_59c8377f90ee6d022400008b.wav,沈阳今天的天气,沈阳,city,city
/home/v2129375/dataset/catslu_test/data/weather/audios/7802fb41556e87da8eaf73cdcc811171_59b12c133327930c5200005f.wav,今天上海的天气怎么样,上海,city,city
/home/v2129375/dataset/catslu_traindev/data/weather/audios/63aab0b755d704a54fdb68f1f3973c38_59b3b5bf33279320c8000079.wav,帮我查一下徐州的天气,徐州,city,city
/home/v2129375/dataset/catslu_test/data/weather/audios/a2705a67cee2ba8cd75653a7277bed8a_59c342ee3327930299000011.wav,今天湖州天气如何,湖州,city,city
/home/v2129375/dataset/catslu_test/data/weather/audios/63c9249e019cd17996f91de9ab851b63_59ce14288827ad007c000170.wav,明天深圳的天气怎么样,深圳,city,city
/home/v2129375/dataset/catslu_test/data/weather/audios/361fc7a84cc9245d2d85db5f822de70f_59a04e0b59a04e0b59a04e0b.wav,黄冈今天天气,黄冈,city,city
/home/v2129375/dataset/catslu_test/data/weather/audios/b39a96fd0ddc8a399d2c0210c31a90b2_59c1ab353327930c52000043.wav,廊坊天气预报,廊坊,city,city
/home/v2129375/dataset/catslu_test/data/weather/audios/af02b8e8732a0992d600397b6d6e31df_59bf19298b68790037000022.wav,深圳的天气,深圳,city,city
/home/v2129375/dataset/catslu_traindev/data/weather/audios/3aaac4787965ac801d62dbe9ec4c7ce9_59bfad6b3327930525000014.wav,鄂州,鄂州,city,video
/home/v2129375/dataset/catslu_test/data/weather/audios/d08e2ab034666166b33050f03930ab43_59c8e756332793029800005e.wav,济南的天气今天怎么样,济南,city,city
/home/v2129375/dataset/catslu_test/data/weather/audios/86fa8c2f425ff5c105ad151c487c4c81_59c37e5d3327930289000004.wav,长沙明天的天气,长沙,city,city
/home/v2129375/dataset/catslu_test/data/weather/audios/01917ba0c001dd551aaf63887ab67038_59c0af9b3327930c4b000017.wav,广州广州的天气,广州,city,city
/home/v2129375/dataset/catslu_traindev/data/weather/audios/7a09bef89e10b3ffa7104ec840011342_59ccae608827ad007c000008.wav,今天深圳天气怎么样,深圳,city,city
/home/v2129375/dataset/catslu_test/data/weather/audios/361fc7a84cc9245d2d85db5f822de70f_34e8da9234e8da9234e8da92.wav,武汉今天天气,武汉,city,city
/home/v2129375/dataset/catslu_test/data/weather/audios/7e78d4b6470c7d0a3e53e885a789ce3e_59b793a233279302cd000023.wav,深圳明天天气,深圳,city,city
/home/v2129375/dataset/catslu_test/data/weather/audios/612542d68b6cdabeee12b8f79b3800eb_59bfc00a332793090100002e.wav,景德镇明天多少度,景德镇,city,city
/home/v2129375/dataset/catslu_test/data/weather/audios/64f2f4c8999b9381f6a1b1354a73bd26_59bc8ba890ee6d0224000055.wav,广州天气怎么样,广州,city,city
/home/v2129375/dataset/catslu_test/data/weather/audios/07f50f4210d5b13974ec232957a4a565_59b64d993327930293000036.wav,上海的天气,上海,city,city
/home/v2129375/dataset/catslu_test/data/weather/audios/83ed81575b71d1e3ca2541dfd6f01b75_59c476b13327930286000100.wav,上海会下雨吗,上海,city,city
/home/v2129375/dataset/catslu_test/data/weather/audios/5306c9c5bd7ce0431ccadbb0e3d4d076_59ca08c2ffba99020c00001f.wav,北京的二点五值,北京,city,city
/home/v2129375/dataset/catslu_test/data/weather/audios/69d88c19301fd6b49f2471b14c1f3cad_59cb2ed2332793029a00000b.wav,乌鲁木齐的天气,乌鲁木齐,city,city
/home/v2129375/dataset/catslu_test/data/weather/audios/c2b27365374f4d81f5d4041132af3086_59cb6a2f3327930c3f000108.wav,上海什么天气啊,上海,city,city
/home/v2129375/dataset/catslu_test/data/weather/audios/e837745e296b808b3ea26ef38dcad931_59b12a363327930c5c00006b.wav,可是我北京天气你好小乐,北京,city,city
/home/v2129375/dataset/catslu_test/data/weather/audios/bda7b8633066ed127715c3ff9bf619eb_59aa1dd38827ad022a000007.wav,苏州天气怎么样,苏州,city,city
/home/v2129375/dataset/catslu_test/data/weather/audios/d3fb2c20fc15fa15e1cf34f07ae84e93_59c4cd76d3458d0ed4003eb5.wav,下午深圳有风吗,深圳,city,city
/home/v2129375/dataset/catslu_test/data/weather/audios/b32b4cfa485bf11bc9a3be717708569a_59c4a5903327930c51000009.wav,长治天气怎么样,长治,city,city
/home/v2129375/dataset/catslu_test/data/weather/audios/301a2cb90f09066db656caea41079b31_59bc97db8b68790038000017.wav,上海呢,上海,city,city
/home/v2129375/dataset/catslu_test/data/weather/audios/f0eefb4f5c0c708809ffe722d5cb6724_59c4c140627fb70f24003536.wav,下午深圳有风吗,深圳,city,city
/home/v2129375/dataset/catslu_test/data/weather/audios/bd786fd715227551273da91d74a359a5_59b217d28b68790039000015.wav,沈阳天气预报,沈阳,city,city
/home/v2129375/dataset/catslu_test/data/weather/audios/6bc7f8967537487b59f2b7410a7f3435_000000828b68790032000003.wav,嗯现在深深圳天气怎么样,深深圳,city,music
/home/v2129375/dataset/catslu_test/data/weather/audios/8e611d627dd3440fb11027be0a2adf1e_000000d48b68790033000008.wav,北京后天的天气怎么样,北京,city,video
/home/v2129375/dataset/catslu_test/data/weather/audios/66ba8db4b5b81730ce6251ac439cf957_59c4ae96332793027c000070.wav,今天纽约的天气,纽约,city,city
/home/v2129375/dataset/catslu_test/data/weather/audios/4da45cb604482ab4fa5d2b6a6d6071fd_59cc6a588827ad00ab000044.wav,广东省河源市的天气怎么样,河源市,city,city
/home/v2129375/dataset/catslu_traindev/data/weather/audios/2808fb2732d51915cb6dcf42ee79bc95_59a954ac332793026e00001e.wav,南阳未来南阳未来七天的天气是什么样的,南阳,city,city
/home/v2129375/dataset/catslu_test/data/weather/audios/770707d2604ec9c54c136fd4437e00eb_59b897e890ee6d0214000014.wav,广州天气怎么样,广州,city,city
/home/v2129375/dataset/catslu_test/data/weather/audios/6dd384ab20dba5b33d54f9822a230862_59cce3e533279315f3000079.wav,上海天气怎么样,上海,city,city
/home/v2129375/dataset/catslu_traindev/data/weather/audios/84b881fdd9e698657e5fbf2ee4c44262_59bb7302332793104f000005.wav,青岛天气,青岛,city,city
/home/v2129375/dataset/catslu_test/data/weather/audios/a7ee0d766fdbb04aa2758602c7f781fc_7439beaf7439beaf7439beaf.wav,今天重庆的天气怎么样,重庆,city,city
/home/v2129375/dataset/catslu_test/data/weather/audios/9ddd798b43241d4934f6fef37174b605_59c06bd17e78780c68000002.wav,今天上海的天气怎么样,上海,city,city
/home/v2129375/dataset/catslu_test/data/weather/audios/8f76b74ed914c4f107b53aaa0fa35497_59c0b839332793091c00002f.wav,明天南京下不下雨,南京,city,city
/home/v2129375/dataset/catslu_test/data/weather/audios/c0c07d240dcd3145c2c9786ff2e443aa_59c0b70633279374d0000029.wav,深圳今天的天气,深圳,city,city
/home/v2129375/dataset/catslu_test/data/weather/audios/5aeacab8b02c581703b59a8db06ca5f6_59cc8bb08827ad007c000046.wav,今天哈尔滨的天气怎么样,哈尔滨,city,city
/home/v2129375/dataset/catslu_test/data/weather/audios/568ca85e56bad6db85030fe8bdae11d6_59cc727890ee6d0224000030.wav,深圳的天气怎么样,深圳,city,city
/home/v2129375/dataset/catslu_test/data/weather/audios/b3fa0cd02a82e5d7d97b69d68bf7a5a3_59aa2a0933279302670001a4.wav,明天深圳明天天气多少,深圳,city,city
/home/v2129375/dataset/catslu_test/data/weather/audios/42b0ba79957d9b284a24562f85aa0d41_59ca0bf4ffba990212000005.wav,北京天气,北京,city,city
/home/v2129375/dataset/catslu_test/data/weather/audios/07b7bebd864c178e676750f8445b256f_59b928788827ad006b000012.wav,今天海口会不会下雨,海口,city,city
/home/v2129375/dataset/catslu_test/data/weather/audios/3a9f4d4246eb860fbc9027004b205776_59a936973327930328000068.wav,上海明天天气,上海,city,city
/home/v2129375/dataset/catslu_test/data/weather/audios/fa62ada5e4220aceb6eac16b6200f1f2_59b91f6c90ee6d0219000003.wav,深圳今天的天气怎么样,深圳,city,city
/home/v2129375/dataset/catslu_test/data/weather/audios/ffd962bc55edd2ee77513e1beee8ef2b_59bfc3848827ad007c000077.wav,明天珠海天气,珠海,city,city
/home/v2129375/dataset/catslu_test/data/weather/audios/3d125a2065eb738acfad76d7336be32f_59b0cc6e3327930c4a0001ff.wav,小乐深圳今天天气,深圳,city,city
/home/v2129375/dataset/catslu_test/data/weather/audios/039f4c23877381b0a5200dd95c828cd9_59c86e8dd3458d0ed4004125.wav,明天天津有雨吗,天津,city,city
/home/v2129375/dataset/catslu_test/data/weather/audios/308ea95d605594c9f6a5bdf7a114bd38_59b8c80390ee6d0224000008.wav,石家庄今天天气怎样,石家庄,city,city
/home/v2129375/dataset/catslu_test/data/weather/audios/8b354537ebcc2fb55f13bda2bcbe08ee_59c9a8f23327930298000007.wav,深圳今天的天气,深圳,city,city
/home/v2129375/dataset/catslu_test/data/weather/audios/58ed92230000d1770f858d7301798bd6_59bb3c2390ee6d0214000010.wav,深圳明天的天气怎么样,深圳,city,city
/home/v2129375/dataset/catslu_test/data/weather/audios/9e4b4587654fe53a9d65aaed2e76b825_59ce298a8827ad007c000023.wav,杭州天气,杭州,city,city
/home/v2129375/dataset/catslu_test/data/weather/audios/f6c8b252c6c0c57237f628ecf2430c39_59aa27113327930c420000a8.wav,今天武汉市天气怎么样,武汉市,city,city
/home/v2129375/dataset/catslu_test/data/weather/audios/5dcccb03886e018af0e244d341e0e1cc_59c3a9fe90ee6d0227000044.wav,沈阳明天天气怎么样,沈阳,city,city
/home/v2129375/dataset/catslu_test/data/weather/audios/7e045dd4989cdbd9b3e0ea4e7025a31a_59ca07ce332793091c000007.wav,泰州的天气,泰州,city,city
/home/v2129375/dataset/catslu_test/data/weather/audios/fa08263de86be6866c18338d893cb687_59b1f8e03327930c6e000019.wav,九月十号的杭州天气,杭州,city,city
/home/v2129375/dataset/catslu_test/data/weather/audios/361fc7a84cc9245d2d85db5f822de70f_7effcdea7effcdea7effcdea.wav,石家庄今天天气,石家庄,city,city
/home/v2129375/dataset/catslu_test/data/weather/audios/bdc5f523d4d09f16a5a9b957740ec341_59c089f53327930937000003.wav,西安今天下雨吗,西安,city,city
/home/v2129375/dataset/catslu_test/data/weather/audios/5b1ef6d9c8f8952db36965bd207cda19_59ccad3d8b6879003a00004f.wav,上海的天气怎么样,上海,city,city
/home/v2129375/dataset/catslu_test/data/weather/audios/a9a53ac131f2cd9b4127408e8365fcf0_59cc6dcf8b6879003900001e.wav,江门天气预报,江门,city,city
/home/v2129375/dataset/catslu_traindev/data/weather/audios/a8e540e4fd2e8d2abc73fd741aaa534f_59aa4a2b3327930c570001af.wav,小乐今天上海的天气怎么样,上海,city,city
/home/v2129375/dataset/catslu_test/data/weather/audios/5463fc9d7bef9e24ff7636e678d65a5f_59aba6883327930c5200000f.wav,今天天津的天气,天津,city,city
/home/v2129375/dataset/catslu_test/data/weather/audios/e4304250d4e099259b2c8a022ec9409a_59ca12ce627fb70f24004945.wav,下午深圳有风吗,深圳,city,city
/home/v2129375/dataset/catslu_test/data/weather/audios/6efb2c04b80c1855342f9feb01d787fa_59cc4bf98b6879003a000007.wav,能说一下北京的天气情况吗,北京,city,city
/home/v2129375/dataset/catslu_test/data/weather/audios/df0566f9eba13e225f9c610f27eadc2b_59a8e77633279327b9000020.wav,简阳市三,简阳市,city,city
/home/v2129375/dataset/catslu_test/data/weather/audios/3d364037f249b62a1d56d8bfb80784ce_59b2449a90ee6d0229000006.wav,这个是北京天气怎么样,北京,city,city
/home/v2129375/dataset/catslu_test/data/weather/audios/824cecd4d3e9b21eee45c6fd070864e5_59b787d03327931089000026.wav,我知道渭南的天气,渭南,city,city
/home/v2129375/dataset/catslu_test/data/weather/audios/3fb3a725cf62f4a02d47bb9061a452ce_59b7c0458827ad00d3000004.wav,珠海这几天有没有台风,珠海,city,city
/home/v2129375/dataset/catslu_test/data/weather/audios/8e5083b0c803292ae04580fd8216d810_59bc95f53327931cb600002c.wav,今天深圳的天气,深圳,city,city
/home/v2129375/dataset/catslu_test/data/weather/audios/e991056b17a8a27429e01d4a74f4a36e_59cb63b83327930c90000058.wav,今天成都天气怎么样,成都,city,city
/home/v2129375/dataset/catslu_test/data/weather/audios/4e9eb6afca11f19fcdba69f0d25c0973_59bcbde490ee6d0219000001.wav,广州天气怎么样,广州,city,city
/home/v2129375/dataset/catslu_test/data/weather/audios/4278f62e6c07f22ee1bed042f06cec88_59c7522f3327930ddd000284.wav,张家界天气,张家界,city,city
/home/v2129375/dataset/catslu_test/data/weather/audios/17a60e4e3f6bfab3047e4f64a01a27fa_59cdb1eb3327930922000009.wav,我要看兰州天气,兰州,city,city
/home/v2129375/dataset/catslu_test/data/weather/audios/0ac1527c7aed878d441df2272ddb993f_59cbc66090ee6d0219000005.wav,今天南昌是什么天气,南昌,city,city
/home/v2129375/dataset/catslu_traindev/data/weather/audios/1119eac7038df6beba182fead2c0bad2_59c7a7748827ad007c000043.wav,德州明天有雨吗需要带伞吗,德州,city,city
/home/v2129375/dataset/catslu_test/data/weather/audios/3b2cfb717554cbe26d8791583244606c_59cf45008b687900380001a0.wav,青岛的天气,青岛,city,city
/home/v2129375/dataset/catslu_test/data/weather/audios/8657a9f7c8bf9b24fc212405a7576097_59c89fb9627fb70f24003adf.wav,明天天津有雨吗,天津,city,city
/home/v2129375/dataset/catslu_test/data/weather/audios/4a7cb9b6eec5d6f8f1f93bb388fbc7fc_59c1d9e43327930641000019.wav,阜新今天天气,阜新,city,city
/home/v2129375/dataset/catslu_test/data/weather/audios/aa68b765946cccc52d80c17e3ab0de2d_59cd8bb33327930c3e000020.wav,南京多少度南京多少度看吧它这里在叫呃有有在闪的时候它就有在听你说话知道吗,南京,city,city
/home/v2129375/dataset/catslu_test/data/weather/audios/41bc5688455549ee0783d3b7952ebfba_59c87522d3458d0ed40041d9.wav,明天天津有雨吗,天津,city,city
/home/v2129375/dataset/catslu_test/data/weather/audios/c7f749cff42d0488dccec6d896f692e6_59cc61c38827ad00ac000024.wav,广州的天气怎样,广州,city,city
/home/v2129375/dataset/catslu_traindev/data/weather/audios/bb113f3381e0f5757e0ea215c064faa0_59c9bbba3327930294000089.wav,深圳今天的天气,深圳,city,city
/home/v2129375/dataset/catslu_test/data/weather/audios/d2fe20f2c0363f20e5b09e7b2c3122b6_59af9d3e90ee6d021c000003.wav,深圳天气怎么样,深圳,city,city
/home/v2129375/dataset/catslu_test/data/weather/audios/53abd84a20074d94c4b91a6a4b33a4f1_59a8a9e73327930c4a0001eb.wav,上海今天什么天气啊,上海,city,city
/home/v2129375/dataset/catslu_test/data/weather/audios/1cc6fdfab199f668b03f9c54b1a82feb_59cd80578827ad007500002c.wav,珠海,珠海,city,video
/home/v2129375/dataset/catslu_test/data/weather/audios/cdb9ebce145b0ccb3d24e65ed9af6389_59c5d56c90ee6d0219000001.wav,今天深圳天气怎么样,深圳,city,city
/home/v2129375/dataset/catslu_traindev/data/weather/audios/cf294c41aa6b1d7e8b6c23d49bc357a0_59bc88468827ad007c000018.wav,西安今天的天气怎么样,西安,city,city
/home/v2129375/dataset/catslu_test/data/weather/audios/b35c1a2d236c5487f67a3f9a54fcf770_59cc307a8827ad00a500009b.wav,广元今天的天气,广元,city,city
/home/v2129375/dataset/catslu_test/data/weather/audios/81951b5a12e7406a2cfdcf54e1f643df_59bbdb91332793050d000022.wav,绥化,绥化,city,video
/home/v2129375/dataset/catslu_test/data/weather/audios/9a975a1c1045c7731d8a8074b2bde185_59c4da8c627fb70f240037a6.wav,长沙后天的天气,长沙,city,city
/home/v2129375/dataset/catslu_test/data/weather/audios/36aae0b6a775d1b3d1b1d72e2c3488e7_59bb17888827ad0075000010.wav,小明看一下今天广州的天气,广州,city,city
/home/v2129375/dataset/catslu_test/data/weather/audios/df6214a0bc604ce6bc2f310175effb3c_59adcf7d8827ad00ac000006.wav,上海市天气,上海市,city,city
/home/v2129375/dataset/catslu_test/data/weather/audios/50bef29782153b9a970d4eaf015288e9_59c0c58b8b6879003900005f.wav,深圳的天气,深圳,city,city
/home/v2129375/dataset/catslu_test/data/weather/audios/f5a24f4ed0e86bc42279a41e76eae5a0_59c781548b6879003600000d.wav,上海二零一七年九月二十五日空气质量是什么,上海,city,city
/home/v2129375/dataset/catslu_test/data/weather/audios/8e1a076faf4b01e5568378de00b05442_59c8839f8827ad007c000007.wav,今今天泰安新泰的天气怎么样,泰安,city,city
/home/v2129375/dataset/catslu_test/data/weather/audios/caaf7ae7d624601df536a2b2ba6d56da_59bc72cd3327930c2f000047.wav,合肥天气怎么样,合肥,city,city
/home/v2129375/dataset/catslu_test/data/weather/audios/2bed5af8e402c8e698ba4ce27b77c2c9_59c0f81b33279302ac00000b.wav,台州的天气,台州,city,city
/home/v2129375/dataset/catslu_test/data/weather/audios/e15f5feb437a4a47074e1964bde7f32e_59b087bb3327930c4e000008.wav,明天上海有雨吗,上海,city,city
/home/v2129375/dataset/catslu_test/data/weather/audios/b35c1a2d236c5487f67a3f9a54fcf770_59cc308e8827ad00a500009f.wav,今天广元的天气如何,广元,city,city
/home/v2129375/dataset/catslu_test/data/weather/audios/e2218e026c8f3238ce1adb9ede174388_59c8c34e33279302a3000014.wav,北京有没有下雨,北京,city,city
/home/v2129375/dataset/catslu_test/data/weather/audios/3b97bd25530d051ced4f5f711a55b7e1_59bc9ebe8827ad007c00007f.wav,今天阜新的天气,阜新,city,city
/home/v2129375/dataset/catslu_test/data/weather/audios/233229a32df9246ad79c3f2af8b4aa47_59af81cc3327930c4a0000da.wav,你接着说啊告诉我三亚的天气,三亚,city,city
/home/v2129375/dataset/catslu_test/data/weather/audios/259a1abf1e214e55b1e8131aeceadf95_59bf3c91332793096f000019.wav,赤峰天气预报,赤峰,city,city
/home/v2129375/dataset/catslu_test/data/weather/audios/438398685a6dc6ed572df7c41192d664_59c3755d90ee6d022400001b.wav,成都的天气怎么样今天,成都,city,city
/home/v2129375/dataset/catslu_test/data/weather/audios/ba6b3d98d8a0659b07054d8c76b9a52c_59c8ec5633279310c7000063.wav,我想知道明天重庆的天气怎么样,重庆,city,city
/home/v2129375/dataset/catslu_test/data/weather/audios/594178f8d0685b9dd41557ac66b5fee3_59ac7faa8827ad00ac00011d.wav,今天廊坊天气预报,廊坊,city,city
/home/v2129375/dataset/catslu_test/data/weather/audios/936288466f8a321a52c75c1cc55f6d60_59c70d3c3327930c3b0000ab.wav,今天上海天气如何,上海,city,city
/home/v2129375/dataset/catslu_test/data/weather/audios/38ef846598b8f5ae927c90c44b195e3c_000002718b68790032000006.wav,亳州的天气怎么样,亳州,city,video
/home/v2129375/dataset/catslu_test/data/weather/audios/76617833715a7ecf661bdd44e0bbfea2_59b200ba3327931a6a000065.wav,宜宾市,宜宾市,city,city
